id_activity;date_communication;title;name_meeting;date_meeting;location
1;01/01/17;First Scientific seminar of virus and transplantation french network; Is there a need to follow and treat HHV-6 infection after transplantation?;20/01/17;Hopital St Louis, Paris.
2;01/01/15;2nd French Argentine Congress of Immunology. Thérapie cellulaire en transplantation d’organe. 2015, Buenos Aires;Thérapie cellulaire en transplantation d’organe;01/01/15;Buenos Aires, Argentina
3;01/01/17;"2017 October 16-18 – European Calcium Society Workshop : Breakthrough in immune cells calcium signaling and new therapeutics. Real-time intracellular traffick analysis of ion channels using
the RUSH system";"Real-time intracellular traffick analysis of ion channels using
the RUSH system";17/10/17;Toulouse, France
4;01/01/16;French Society for Immunology Technological Workshop. Immunogene editing exploiting the CRISPR/Cas9 system to decipher the role of redundant genes in Th17 cells;Immunogene editing exploiting the CRISPR/Cas9 system to decipher the role of redundant genes in Th17 cells;;
5;01/01/16;SUI Scientific Meeting. Update on Immunology: from mechanisms to immunotherapy and viceversa « The role of IL-22BP in controlling IL-22 actions ». October 19-21 2016, Montevideo, Uruguay;The role of IL-22BP in controlling IL-22 actions;19/10/16;Montevideo, Uruguay
6;01/01/17;"Epigenetics Nantes meeting ”epigenetic mechanisms in development and disease”  Institut de Thorax, Nantes;12.06.17";Epigenetic mechanisms in development and disease;12/06/17;Nantes
7;01/01/16;13èmes Journées Scientifiques de la Société Tunisienne d’Immunologie, Hammamet 9-12 mars 2016. Invited speaker. Title: The role of interleukin-22 binding protein in controlling IL-22 in the gut. ;The role of interleukin-22 binding protein in controlling IL-22 in the gut;09/03/16;Hammamet, Tunisia
8;01/01/19;Colloque annuel de l’ITMO I3M « Profilage épigénomique pour identifier les mécanismes moléculaires du développement et des pathologies » Paris 07.02.2019;Profilage épigénomique pour identifier les mécanismes moléculaires du développement et des pathologies;07/02/19;Paris
9;01/01/19;"Sysmics Symposium “functional genomics strategies to study immune diseases” Nantes; 21.06.2019";Functional genomics strategies to study immune diseases;21/06/19;Nantes
10;01/01/17; 11th European Workshop on Immune-Mediated Inflammatory Diseases. 14-16 dec 2017. Utrecht, The Netherlands. Invited speaker. Title: Therapeutic opportunity of IL-22BP blockade: strengthening of IL-22 signaling improves intestinal barrier function in Crohn disease mucosa.; Therapeutic opportunity of IL-22BP blockade: strengthening of IL-22 signaling improves intestinal barrier function in Crohn disease mucosa;14/12/17;Utrecht, The Netherlands
11;01/01/17;10th FAIS   African Immunology Congress. Tight control of IL-22 actions on epithelial cells by IL-22BP during inflammation and steady state. 3-7 dec 2017, Hammamet, Tunisie;Tight control of IL-22 actions on epithelial cells by IL-22BP during inflammation and steady state;03/12/17;Hammamet, Tunisia
12;01/01/18;"2018 June 20-23 FOCIS, San Francisco, CA, USA. Session : Immuno-oncology : Wild West of Immunology.
Boosting anti-tumor response by conferring cysteine autonomy to T cells
";Boosting anti-tumor response by conferring cysteine autonomy to T cells;20/06/18;San Francisco, CA, USA
13;01/01/18;"iBone consortium meeting: epigenomic profiling to reveal molecular mechanisms of disease, Berlin; 25.09.2018";Epigenomic profiling to reveal molecular mechanisms of disease;25/09/18;Berlin, Germany
14;01/01/18;ESDO-DFFCD MAsterclass II. Immunology and Cancer : from bench to bedside. Immunology for Dummies. 5-6 oct 2018, Marseille; Immunology and Cancer : from bench to bedside. Immunology for Dummies;05/10/18;Marseille
15;01/01/19;17th International Congress of Immunology (IUIS 2019), 19-23 oct 2019. Beijing, China. Invited speaker, Session Mucosal Immunology:  Cellular sources and role of IL-22 binding protein (IL-22BP), a soluble inhibitory receptor for IL-22.;Cellular sources and role of IL-22 binding protein (IL-22BP), a soluble inhibitory receptor for IL-22;19/10/19;Beijing, China
16;01/01/18;AFIPP annual meeting;Human CD1c+ myeloid dendritic cells are non-permissive to BKPyV but mediate its capture and transmission to human renal proximal tubular epithelial cells;28/09/18;Obernai, France
17;01/01/19;SFI - Single-Cell Analysis of Crohn’s Disease Lesions Identifies a Pathogenic Cellular Module Associated with Resistance to Anti-TNF Therapy, Annual meeting of the French society of immunology (SFI), Nantes, Sept. 20, 2019;Single-Cell Analysis of Crohn’s Disease Lesions Identifies a Pathogenic Cellular Module Associated with Resistance to Anti-TNF Therapy;20/09/19;Nantes
18;01/01/19;Immunology Symposium - Angers -Single-Cell Analysis of Crohn’s Disease Lesions Identifies a Pathogenic Cellular Module Associated with Resistance to Anti-TNF Therapy, Angers, Sept. 20, 2019;Single-Cell Analysis of Crohn’s Disease Lesions Identifies a Pathogenic Cellular Module Associated with Resistance to Anti-TNF Therapy;20/09/19;Angers
19;01/01/20;GETAID - Unravelling immunopathological heterogeneity in IBD to direct new drug developments, GETAID, Paris, March 6, 2020.; Unravelling immunopathological heterogeneity in IBD to direct new drug developments;06/03/20;Paris
20;01/01/18;Assemblée générale annuelle des BLEFCO, Paris;?;;Paris
21;01/01/18;European Society of Human Reproduction and Embryology - Campus Special Interest group on Embryology, Nice, France;?;;Nice, France
22;01/01/15;“CD8 Tregs and their role in Transplantation”, 14th Transplantation Science Symposium, Mars 2015, Lorne, Australia;“CD8 Tregs and their role in Transplantation”;01/03/15;Lorne, Australia
23;01/01/17;Société Française de Pathologie et Société Française d’Anatomie Pathologie Vétérinaire, Institut Pasteur;La régénération hépatique et les perspectives en thérapie cellulaire et génique;;Institut Pasteur
24;01/01/15;University of Würtzburg, June 29, 2015. Würtzburg. Immunomodulation with CD28 antagonists vs. CD80/86 antagonists.;Immunomodulation with CD28 antagonists vs. CD80/86 antagonists;29/06/15;University of Würtzburg, Würtzburg, Germany
25;01/01/16;"21ème congrès NAT 2016 ""Quand les Cellules Souches rencontrent  l'Immunologie""";Tolerance induction by selective CD28 blockade;10/06/16;Nantes
26;01/01/16;Labex IGO Annual Meeting;Development of CD28 antagonists to differentially impact effector versus regulatory cells post transplantation;01/09/16;Nantes
27;01/01/15;21ème Journée de Société Romande d'Immunologie- Genève, CH, 2015, Nov 4. Nouveautés en Immunosuppression;Nouveautés en Immunosuppression;04/11/15;Genève, Switzerland
28;01/01/17;Luxembourg Institute of Health, le 29/6/2017. Public-Private Partnership in the development process of a biological drug candidate;Public-Private Partnership in the development process of a biological drug candidate;29/06/17;Luxembourg Institute of Health
29;01/01/16;"The Transplantation Society, Hong Kong, August 18-23, 2016. CD28-Targeting Antagonist of T cell activation


";CD28-Targeting Antagonist of T cell activation;18/08/16;Hong Kong, China
30;01/01/16;Dernières avancées en Xenotransplantation. Société Francophone de Transplantation. Liège 2016;Dernières avancées en Xenotransplantation;01/01/16;Liège, Belgium
31;01/01/18;"""De l'immunologie de la transplantation à l'oncologie"" , iAwards Europe Symposium, Vitry, France,  10 december 2018";De l'immunologie de la transplantation à l'oncologie;10/12/18;Vitry, France
32;01/01/19;Deciphering the role of CD28H on NK cells- iAwards Europe Symposium, Gentilly, France 16-17 october 2019;Deciphering the role of CD28H on NK cells;16/10/19;Gentilly, France
33;01/01/16;Thérapie cellulaire à l’aide de cellules dendritiques tolérogènes en transplantation de rein dans le cadre de l’essai Clinique The ONE Study. Société Francophone de Transplantation. Liège 2016;Thérapie cellulaire à l’aide de cellules dendritiques tolérogènes en transplantation de rein dans le cadre de l’essai Clinique The ONE Study;01/01/16;Liège, Belgium
34;01/01/15;Association des oncologues urologistes de l'ouest, Dinard, March 2015. Nouvelles immunotherapies en cancérologie.;Nouvelles immunotherapies en cancérologie;01/03/15;Dinard
35;01/01/16;"The Transplantation Society, Hong Kong, August 18-23, 2016. CD28-Targeting Antagonist of T cell activation


";" CD28-Targeting Antagonist of T cell activation
";18/08/16;Hong Kong, China
36;01/01/15;Atelier francophone de Transplantation, Bordeaux, 5 juin 2015. Accommodation en transplantation. ;Accommodation en transplantation;05/06/15;Bordeaux
37;01/01/15;Symposium Gene Therapy, Nantes April 2015.  Interest of plasmaphesesis in desensitization situation.;Interest of plasmaphesesis in desensitization situation;01/04/15;Nantes
38;01/01/16;Concept de blocage de costimulation en transplantation d'organes. Societé Francophone d'Histocompatibilité et Immunogénétique. Paris 2016 ;Concept de blocage de costimulation en transplantation d'organes;01/01/16;Paris
39;01/01/18;The Transplant Society Congress, June 30-July 5, 2018, Madrid, Spain.;T cells costimulation/coinhibition;30/06/18;Madrid, Spain
40;01/01/18;Targeting CD28 for novel costimulatory blockade in transplantation. Vienna Transplantation Forum of the AKH, Mai 3, Vienna, Austria.;Targeting CD28 for novel costimulatory blockade in transplantation;03/05/18;Vienna, Austria
41;01/01/18;American Society of Nephrology meeting, San Diego, USA. 23-28, Oct. 2018;?;23/10/18; San Diego, USA
42;01/01/17;Sanofi India symposia : Optimizing immunosuppression in renal Transplantation  9 mars au 13 mars 2017, Delhi, Hyderabad, Chenia, Mombai-  Induction therapy to optimize clinical outcomes in kidney transplantation; Induction therapy to optimize clinical outcomes in kidney transplantation;09/03/17;Delhi, Hyderabad, Chenia, Mombai, India
43;01/01/17;Sanofi India symposia : Optimizing immunosuppression in renal Transplantation  9 mars au 13 mars 2017, Delhi, Hyderabad, Chenia, Mombai. Recent advances in transplant immunology;Recent advances in transplant immunology;09/03/17;Delhi, Hyderabad, Chenia, Mombai, India
44;01/01/18;New approach of immune modulation through the CD28 pathway blockade in renal transplantation. Société allemande d'Immunologie, Hannovre 2018;New approach of immune modulation through the CD28 pathway blockade in renal transplantation;01/01/18;Hannovre, Germany
45;01/01/18;American Transplant Congress. Seattle 2018. 7 years post Rituxera ;7 years post Rituxera ;01/01/18;Seattle, USA
46;01/01/19;Concept Institut de transplantation de Nantes - Société Catalane de transplantation- Barcelone 01/10/2019;Concept Institut de transplantation de Nantes;01/10/19;Barcelone, Spain
47;01/01/19;GDR BioSimia, 7-8/11/19, Marseille, France;?;07/11/19; Marseille, France
48;01/01/20;Journée mondiale de l'Immunologie- Immunothérapie du rejet de greffe, Paris 2020; Immunothérapie du rejet de greffe;01/01/20;Paris, France
49;01/01/15;COMPRIM de l'AFSTAL- Gènes et Pathogènes- 11 Déc, Lyon, France.  Modèles précliniques de transplantation et d'immuno-intervention chez le PNH;Modèles précliniques de transplantation et d'immuno-intervention chez le PNH;11/12/15;Lyon, France
50;01/01/17;"Congrès de la société française de transplantation 2017 (La Rochelle)
What's new in immuno ?";What's new in immuno ?;01/01/17;La Rochelle
51;01/01/16;Annual meeting of the International Society for Evolution, Medicine, and Public Health (ISEMPH) - Durham NC, USA;?;01/01/16;Durham NC, USA
52;01/01/17;BioGenOuest meeting - Rennes, France;?;01/01/17;Rennes, France
53;01/01/18;7th RIIP (Practical Immunology and Immunotherapy) meeting - Paris, France;?;01/01/18;Paris, France
54;01/01/18;NAT Annual Meeting - Nantes, France;?;01/01/18;Nantes, France
55;01/01/19;Necker seminars in nephrology Jean Hamburger - Paris, France;?;01/01/19;Paris, France
56;01/01/19;Workshop Oncology 4.0 - Nantes, France;?;01/01/19;Nantes, France
57;01/01/15;Anti-CMV engineered nucleases, NAT 2015, Nantes France ;Anti-CMV engineered nucleases;01/01/15;Nantes, France
58;01/01/15;"""Non - HLA Antibodies - ready to enter the clinic arena?"". 2015 ERA-EDTA London, UK";Non - HLA Antibodies - ready to enter the clinic arena?;01/01/15;London, UK
59;01/01/15;"""Protecting the Gift: A Score and Methodology of the PREDICT-DGF study"". 2015 European Symposium Sanofi Berlin, Germany";Protecting the Gift: A Score and Methodology of the PREDICT-DGF study;01/01/15;Berlin, Germany
60;01/01/15;Regulation in tolerance in human transplantation,  Hong-Kong, May 18-22th 2015 PROCORE-France/Hong Kong Joint Research Scheme 2014/15;Regulation in tolerance in human transplantation;18/05/15;Hong-Kong, Chine
61;01/01/15;Understand tolerance, where we are Geneva Switzerland, April 26-29th 2019 European Federation for Immunogenetics Conference (EFI);Understand tolerance, where we are;26/04/19;Geneva, Switzerland
62;01/01/18;Immuno-guided Laser Capture Microdissection for mRNA analysis (Invited Seminar). Microlaser Biotech Network Day, Hopital Saint Louis, Paris, March 30 2018.;Immuno-guided Laser Capture Microdissection for mRNA analysis;30/03/18;Hopital Saint Louis, Paris
63;01/01/18;ToxMe: Determining drug interactions with SULT enzymes (Invited Seminar). France Campus Rila Meeting, Institute of Biophysics and Biomedical Engineering, Bulgarian Academy of Sciences, April 25th 2018 (Sofia, Bulgaria);ToxMe: Determining drug interactions with SULT enzymes;25/04/18; Institute of Biophysics and Biomedical Engineering, Bulgarian Academy of Sciences (Sofia, Bulgaria)
64;01/01/19;Anti-integrin antibodies in neuroinflammation.  Tours France, June 24-25, 2019 7th Antibody Industrial Symposium;Anti-integrin antibodies in neuroinflammation;24/06/19;Tours France
65;01/01/18;Faut-il prescrire de la biotine à haute dose pour les scléroses en plaques progressives ?  Roscoff France, May 31 2018 Journée de neurologie de Bretagne;Faut-il prescrire de la biotine à haute dose pour les scléroses en plaques progressives ?;31/05/18;Roscoff France
66;01/01/17;Scientific highlights.  Paris France, October 25-28, 2017 ECTRIMS-ACTRIMS congress;Scientific highlights;25/10/17;Paris France
67;01/01/15;"Analyse du repertoire des lymphocytes T/ T- cell repertoire analysis. The 12th Meeting of the French Neuroscience Society, May 19-22, 2015; Montpellier, France.";Analyse du repertoire des lymphocytes T/ T- cell repertoire analysis;19/05/15; Montpellier, France
68;01/01/15;Operational tolerance in organ transplantation,  Vienna Austria, September 6-8 2015 European Congress of Immunology (ECI);Operational tolerance in organ transplantation;06/09/15;Vienna, Austria
69;01/01/15;Regulation and Operational tolerance in organ transplantation,  Brussels Belgium, September 13-16th 2015 Congress of European Society of Organ Transplant (ESOT);Regulation and Operational tolerance in organ transplantation;13/09/15;Brussels, Belgium
70;01/01/15;Understand tolerance, where we are, EFI 2015, Geneva, April 26-29th 2015;Understand tolerance, where we are;26/04/15;Geneva, Switzerland
71;01/01/16;« Nouveautés de la classification de Banff ». 8ème congrès de la Société Algérienne de Transplantation d’Organes (SATO). 2-3 décembre 2016. Alger, Algérie;Nouveautés de la classification de Banff;02/12/16;Alger, Algeria
72;01/01/16;B cell (biomarkers) of operational tolerance. ATC, Boston, June 12th, 2016.;B cell (biomarkers) of operational tolerance;12/06/16;Boston, USA
73;01/01/17;New tech for new patients digital communication and self-monitoring.  Barcelona Spain, Septembre 24-27, 2017 Congress of European Society of Organ Transplant (ESOT);New tech for new patients digital communication and self-monitoring;24/09/17;Barcelona Spain
74;01/01/17;Actualités dans le Lupus systémique et les Vascularites associées aux ANCA. Société Algérienne de Néphrologie. Nov. 2017 Alger (Algérie);Actualités dans le Lupus systémique et les Vascularites associées aux ANCA;01/11/17;Alger, Algeria
75;01/01/19;Actualités du Lupus systémique. Société Algérienne de Médecine Interne. Juin 2019 Constantine (Algérie);Actualités du Lupus systémique;01/06/19;Constantine, Algeria
76;01/01/19;Pathophysiology of IgA nephropathy  Lyon France, March 28 2019 IgA nephropathy symposium;Pathophysiology of IgA nephropathy;28/03/19;Lyon France
77;01/01/15;B cells in organ transplantation, B cell symposia, Oléron, France, September 4-6th, 2015;B cells in organ transplantation;04/09/15;Oléron, France
78;01/01/19;TEMRA CD8 with innate-like function identifies kidney transplant recipients at high-risk of graft failure (Invited Seminar). Swedish Cornea Register Meeting, April 10-12, 2019 Riksgränsen, Sweden.;TEMRA CD8 with innate-like function identifies kidney transplant recipients at high-risk of graft failure;10/04/19;Riksgränsen, Sweden
79;01/01/19;The microbiome and transplant tolerance.  Copenhagen Denmark, September 15-18 2019 Congress of European Society of Organ Transplant (ESOT);The microbiome and transplant tolerance;15/09/19;Copenhagen, Denmark
80;01/01/16;Operational tolerance in transplantation How to detect it? A B cell profile. 12th international congress of lung transplantation. Paris, September 16th, 2016.;Operational tolerance in transplantation How to detect it? A B cell profile;16/09/16;Paris
81;01/01/19;B cells in Operational tolerance. 10th congress of International Pediatric Transplant Association. Vancouver Canada, May 4-7 2019.;B cells in Operational tolerance;04/05/19;Vancouver, Canada
82;01/01/19;From induction to operational tolerance. CIRTA 2019, July 3-6. Paris. France.;From induction to operational tolerance;03/07/19;Paris, France
83;01/01/17;Actualités Mucoviscidose 2017. (Invited Speaker). Journées Francophones de la Mucoviscidose, Lyon, France, 2017.;Actualités Mucoviscidose 2017;01/01/17; Lyon, France
84;01/01/18;18e Congrès Annuel du Club des Jeunes Néphrologues (Paris, 16 mars 2018): Quoi de neuf en Immuno Clinique ?;Quoi de neuf en Immuno Clinique ?;16/03/18;Paris
85;01/01/19;Congrès de la Socité Nationale Française de Médecine Interne, Symposium Déficit Immunitaire (Laboratoires Grifols), 6 juin 2019;?;06/06/19;
86;01/01/18;Journée de L’Hôpital St Antoine (Paris, 2018), Médecine Interne et réanimation : Maladie de Still : quand évoquer le diagnostic et traitement des formes graves;Maladie de Still : quand évoquer le diagnostic et traitement des formes graves;01/01/18;Paris
87;01/01/16; « Vous croyez connaître la ne?phropathie lupique ? Venez-vous tester ! »  Strasbourg France, October 6, 2016 1er congrès de la Société Francophone de Néphrologie, Dialyse et Transplantation; « Vous croyez connaître la ne?phropathie lupique ? Venez-vous tester ! »;06/10/16;Strasbourg France
88;01/01/15;""" Les Paragangliomes cervicaux ""(Invited Speaker). 1ère réunion COMETE inter-régionale de l'Ouest. 4 Juin 2015. Nantes";Les Paragangliomes cervicaux;04/06/15;Nantes
89;01/01/18;"""Pourquoi regarder le parenchyme rénal non tumoral"". (Invited Speaker). Symposium de l'Académie Internationale de Pathologie. 8 novembre 2018. Palais des congrès. Paris, France";Pourquoi regarder le parenchyme rénal non tumoral;08/11/18;Paris, France
90;01/01/17;« Les carcinomes corticosurrénaliens » (Invited Speaker). Journée Inter-régionale du réseau INCA-RENATEN. 22 septembre 2017. Poitiers, France;Les carcinomes corticosurrénaliens;22/09/17;Poitiers, France
91;01/01/17;« Pour ou contre la biopsie de transplant rénal systématique » (Invited Speaker). Séminaire du Club des Référents Urologues Transplanteurs. 7-8-9 septembre 2017. Nantes, France;Pour ou contre la biopsie de transplant rénal systématique;07/09/17;Nantes, France
92;01/01/19;Un parcours INTEGRATIF et INTELLIGENT du patient transplanté rénal après 1 an de suivi, basé sur les RESEAUX,  les SCORES, la TELEMEDECINE et les IPA autour d’un patient connecté.  Paris France, November 26, 2019 Congrès rhumatologie Novartis;Un parcours INTEGRATIF et INTELLIGENT du patient transplanté rénal après 1 an de suivi, basé sur les RESEAUX,  les SCORES, la TELEMEDECINE et les IPA autour d’un patient connecté;26/11/19;Paris France
93;01/01/16;A useful tool to inform waitlisted renal transplant candidates of their long-term prognosis: towards patient-centered decision making. (Invited Speaker). 2016 FTAC Paris, France;A useful tool to inform waitlisted renal transplant candidates of their long-term prognosis: towards patient-centered decision making;01/01/16; Paris, France
94;01/01/19;Apport de la télémédecine dans le parcours de soin des transplantés rénaux (Invited Speaker). SFNDT 4 octobre 2019, Nancy, France;Apport de la télémédecine dans le parcours de soin des transplantés rénaux;04/10/19;Nancy, France
95;01/01/19;Après l’hôpital l’e santé Vers un parcours de soin optimisé et sécurisé en transplantation (Invited Speaker). Séminaire National Novartis. Janvier 2019 Cannes, France;Après l’hôpital l’e santé Vers un parcours de soin optimisé et sécurisé en transplantation;01/01/19;Cannes, France
96;01/01/15;"Etude des déterminants de santé associés à l'évolution de la créatininémie et / ou du risque d'échec de greffe chez des patients transplantés rénaux : une approche par modélisation conjointe (Invited Speaker). Fournier M.C., Foucher Y., Giral M., Dantan E. Journée scientifique DIVAT Centaure DHU Oncogreffe, March 19, 2015; Nantes, France.";Etude des déterminants de santé associés à l'évolution de la créatininémie et / ou du risque d'échec de greffe chez des patients transplantés rénaux : une approche par modélisation conjointe;19/03/15;Nantes, France
97;01/01/15;"Etude des déterminants de santé associés à l'évolution de la créatininémie et / ou du risque d'échec de greffe chez des patients transplantés rénaux : une approche par modélisation conjointe (Invited Speaker). Fournier M.C., Foucher Y., Giral M., Dantan E. Journée « Méthodologie et Biostatistique » du GIRCI grand Ouest, June 18, 2015; Nantes, France.";Etude des déterminants de santé associés à l'évolution de la créatininémie et / ou du risque d'échec de greffe chez des patients transplantés rénaux : une approche par modélisation conjointe;19/06/15;Nantes, France
98;01/01/17;La médecine connectée au service des patients transplantés rénaux. (Invited Speaker). Paris Health Care 2017 Paris, France;La médecine connectée au service des patients transplantés rénaux;01/01/17;Paris, France
99;01/01/19;Le registre DIVAT et les possibilités qu'il offre pour la recherche clinique en transplantation. (Invited Speaker). Séminaire recherche de la SFNDT/CUEN les 29 et 30 aout 2019, Lyon, France.;Le registre DIVAT et les possibilités qu'il offre pour la recherche clinique en transplantation;29/08/19;Lyon, France
100;01/01/19;Nouveautés et Recherche en transplantation rénale. (Invited Seminar). Journées Nationales de l’APNP. 5 et 6 Octobre 2016. Nantes, France;Nouveautés et Recherche en transplantation rénale;05/10/16; Nantes, France
101;01/01/19;Patients observants et non observants, déterminants des impacts. Sandoz symposium, Decembre 6, 2019, Bordeaux, France;Patients observants et non observants, déterminants des impacts;06/12/19;Bordeaux, France
102;01/01/19;Pratique avancée en transplantation. SFT symposium, Octobre 10, 2019 Paris, France;Pratique avancée en transplantation;10/10/19;Paris, France
103;01/01/17;Suivi du patient au long cours : ETP digitale. (Invited Speaker). PEPS Astellas 2017 Paris, France;Suivi du patient au long cours : ETP digitale;01/01/17;Paris, France
104;01/01/18;Télémédecine et Transplantation. (Invited Speaker). SFT 2018 Toulouse, France.;Télémédecine et Transplantation;01/01/18;Toulouse, France
105;01/01/17;Transplantation 3.0. (Invited Speaker). SFT 2017 La Rochelle, France;Transplantation 3.0;01/01/17;La Rochelle, France
106;01/01/19;Prise en charge des Déficits Immunitaires Primitifs chez l'Adulte. Immuno Day. Takeda. Paris, 4 Avril 2019;Prise en charge des Déficits Immunitaires Primitifs chez l'Adulte;04/04/19;Paris
107;01/01/18;"Bioinformatics for dummies: a biologist point of view (Invited Seminar). NAT 2018; May 31st June 1st 2018, Nantes, France.";Bioinformatics for dummies: a biologist point of view;31/05/18;Nantes, France
108;01/01/17;Molecular basis of T-lymphocyte alloreactivity (Invited Lecture). November 7 – 9, 2017, Meeting de la Société Française d'Immunologie (SFI). Reims France ;Molecular basis of T-lymphocyte alloreactivity;07/11/17; Reims France 
109;01/01/15;"Prédire précocement le retour en dialyse à l'aide d'un score basé sur les paramètres cliniques et immunologiques, quelle utilité pour le médecin ? (Invited Speaker). Journée scientifique DIVAT Centaure DHU Oncogreffe, March 19, 2015; Nantes, France.";Prédire précocement le retour en dialyse à l'aide d'un score basé sur les paramètres cliniques et immunologiques, quelle utilité pour le médecin ?;19/03/15;Nantes, France
110;01/01/17;Operational tolerance and regulatory B cells.  Paris France, November 22th, 2017 Journées de la Société Francophone d’Histocompatibilité et d’Immunogénétique (SFHI);Operational tolerance and regulatory B cells;22/11/17;Paris France
111;01/01/16;Où en est la recherche en transplantation rénale: situation actuelle et perspectives en clinique et en recherche fondamentale?.  October 5-6, 2016 Les journées nationales de la transplantation pédiatrique;Où en est la recherche en transplantation rénale: situation actuelle et perspectives en clinique et en recherche fondamentale?;05/10/16;
112;01/01/17;Biomarkers and immuno-monitoring in transplantation.  Isle sur la Sorgue France, March 27-30, 2017 Meeting de la Société Française d'Immunologie (SFI);Biomarkers and immuno-monitoring in transplantation;27/03/17;Isle sur la Sorgue France
113;01/01/17;La tolérance chez l’homme.  Isle sur la Sorgue France, March 27-30, 2017 Meeting de la Société Française d'Immunologie (SFI);La tolérance chez l’homme;27/03/17;Isle sur la Sorgue France
114;01/01/17;Memory Tregs.  Beaune France, June 1th 2017 Beaune;Memory Tregs;01/06/17;Beaune France
115;01/01/19;Nouveautés et Recherche en transplantation rénale . Journées Nationales de l’APNP. 5 et 6 Octobre 2019.;Nouveautés et Recherche en transplantation rénale;05/10/19;
116;01/01/19;61st annual meeting of the SFAR (Société Française d'Anesthésie Réanimation) Paris, France, September 2019: Prise en charge des patients présentant, ou à risque, de traumatisme vertébro-médullaire;Prise en charge des patients présentant, ou à risque, de traumatisme vertébro-médullaire;01/09/19;Paris, France
117;01/01/18;6Oth annual meeting of the SFAR (Société Française d'Anesthésie Réanimation) Paris, France, September 2018 :Corticothérapie et sepsis;Corticothérapie et sepsis;01/09/18;Paris, France
118;01/01/17;59th annual meeting of the SFAR (Société Française d'Anesthésie Réanimation) Paris, France, September 2017 : Antibiothérapie : modalités d'administration et bonnes pratiques;Antibiothérapie : modalités d'administration et bonnes pratiques;01/09/17;Paris, France
119;01/01/16;58th annual meeting of the SFAR (Société Française d'Anesthésie Réanimation) Paris, France, September 2016 : Modes ventilatoires et patients cérébro-lésés;Modes ventilatoires et patients cérébro-lésés;01/09/16;Paris, France
120;01/01/15;57th annual meeting of the SFAR (Société Française d'Anesthésie Réanimation) Paris, France, September 2015 : Résultats de l'étude BI-VILI;Résultats de l'étude BI-VILI;01/09/15;Paris, France
121;01/01/20;38ème MAPAR (Mise au point en Anesthésie Réanimation) Juin 2020 (annulé): Immunomodulation et lésion cérébrale aiguë;;;
122;01/01/16;34ème MAPAR (Mise au point en Anesthésie Réanimation) , Paris, Juin 2016: Corticothérapie et traumatisme cranien;Corticothérapie et traumatisme cranien;01/06/16;Paris
123;01/01/20;Dendritic Cell meeting 2020 Cairns, Australia  : Trained innate immunity and long-term risk of cancer. (reporté en 2022);Trained innate immunity and long-term risk of cancer;01/01/20;Cairns, Australia
124;01/01/20;EuroNeuro, Paris : Immunomodulation and brain-injury;Immunomodulation and brain-injury;01/01/20;Paris
125;01/01/19;University of Melbourne Symposium : Respiratory dysbiosis and hospital-acquired infection;Respiratory dysbiosis and hospital-acquired infection;01/01/19;Melbourne, Australia
126;01/01/15;20th International Symposium on Infections in the Critically Ill Patient, Barcelona, Feb 2015 : Hydrocortisone to Prevent Hospital-Acquired Pneumonia in Patients with Severe Traumatic Brain-Injury ;Hydrocortisone to Prevent Hospital-Acquired Pneumonia in Patients with Severe Traumatic Brain-Injury;01/02/15;Barcelona, Spain
127;01/01/18;ISICEM 2018-38th International Symposium on Intensive Care and Emergency Medicine. Brussels, March 2018 Is it different after trauma ? – HAP and VAP ; Is it different after trauma ? – HAP and VAP ;01/03/18;Brussels, Belgium
128;01/01/18;ISICEM 2018-38th International Symposium on Intensive Care and Emergency Medicine. Brussels March 2018. Immune dysfunction after trauma – Post-injury immunosuppression ;Immune dysfunction after trauma – Post-injury immunosuppression ;01/03/18;Brussels, Belgium
129;01/01/18;ISICEM 2018-38th International Symposium on Intensive Care and Emergency Medicine.  Brussels, March 2018.  Immunomodulatory effects of antibiotics : are they important ? ;Immunomodulatory effects of antibiotics : are they important ? ;01/03/18;Brussels, Belgium
130;01/01/18;ISICEM 2018-38th International Symposium on Intensive Care and Emergency Medicine. Brussels, March 2018 Low doses can be stimulating - Corticosteroids in sepsis;Low doses can be stimulating - Corticosteroids in sepsis;01/03/18;Brussels, Belgium
131;01/01/18;ISICEM 2018-38th International Symposium on Intensive Care and Emergency Medicine. Brussels, March 2018. Brain-injured patients - Acute respiratory failure in specific populations;Brain-injured patients - Acute respiratory failure in specific populations;01/03/18;Brussels, Belgium
132;01/01/18;British Association for Lung Research Annual Conference, Birmingham, UK, Sept 2018 : Immunosuppression and pneumonia;Immunosuppression and pneumonia;01/09/18;Birmingham, UK
133;01/01/15;20ème congrès NAT (Nantes Actualités Transplantations), Bacterial infection in trauma patients;Bacterial infection in trauma patients;;Nantes
134;01/01/18;SRLF (Société de Réanimation de Langue Française), Paris, Janvier 2018 : Traumatisme cranien : complications respiratoires;Traumatisme cranien : complications respiratoires;01/01/18;Paris
135;01/01/17;SRLF (Société de Réanimation de Langue Française), Paris, Janvier 2017 : Particularités du SDRA chez le patient cérébrolésé.;Particularités du SDRA chez le patient cérébrolésé;01/01/17;Paris
136;01/01/17;SRLF (Société de Réanimation de Langue Française), Paris, Janvier 2017 : Complications infectieuses chez le polytraumatisé;Complications infectieuses chez le polytraumatisé;01/01/17;Paris
137;01/01/15;CD8+ Tregs: old-new players in immune tolerance,  LXIII Argentinean Immunology Society Meeting , November 16-17, 2015, Buenos Aires;CD8+ Tregs: old-new players in immune tolerance. ;16/11/15;Buenos Aires
138;01/01/16;Transplantation tolerance, FOCIS Advance Course in Basic and Clinical Immunology, Institut Pasteur, Paris;Transplantation tolerance. ;;Institut Pasteur, Paris
139;01/01/16;CD8 Tregs, Action to Focus and Accelerate Cell-based Tolerance-inducing Therapie, Belgrade, Serbia;CD8 Tregs;;Belgrade, Serbia
140;01/01/16;CD8 Tregs, Workshop on Cell-based Tolerogenic Therapies for Early Career Investigators, London, England;CD8 Tregs;;London, England
141;01/01/16;Genomic engineering of the rat using gene-specific nucleases, INSERM International Workshop on genome-specific nucleases, April 6-8, 2016, Bordeaux, France;Genomic engineering of the rat using gene-specific nucleases. ;06/04/16;Bordeaux, France
142;01/01/16;CD8+ Tregs as potent tolerogenic cells in organ transplantation and GVHD, Treg workshop of the North American Adoptive T Cell Therapy Congress, June 27-28, 2016, Boston;CD8+ Tregs as potent tolerogenic cells in organ transplantation and GVHD;27/06/16;Boston, USA
143;01/01/16;Genetically engineered rats as experimental models 13th Meeting of the International Society for Transgenic Technologies, March19_22, 2016, Prague;Genetically engineered rats as experimental models.;19/03/16;Prague, Czech republic
144;01/01/16;Application of Gene-Specific Nucleases in Transgenic Animals and in Vitro Models of Transplant Immunology, 26th International Congress of The Transplantation Society, August 18-23, 2016, Hong Kong, China;Application of Gene-Specific Nucleases in Transgenic Animals and in Vitro Models of Transplant Immunology.;18/08/16;Hong Kong, China
145;01/01/16;Rebirth of CD8+ Tregs, RegMed Forum, October 7 2016, Berlin, Germany;Rebirth of CD8+ Tregs. ;07/10/16;Berlin, Germany 
146;01/01/16;AIRE-deficient rats as models for the generation of monoclonal antibodies, PEGS Ligand’s meeting , December 13th 2016, San Diego;AIRE-deficient rats as models for the generation of monoclonal antibodies;13/12/16;San Diego, USA
147;01/01/16;CD8+ Tregs as regulators of immune responses, 1st French-Uruguayan Immunology meeting, October 18-21,  2016, Montevideo;CD8+ Tregs as regulators of immune responses;18/10/17;Montevideo, Uruguay
148;01/01/17;Transplantation tolerance. FOCIS Advance Course in Basic and Clinical Immunology, Prague;Transplantation tolerance. ;;Prague, Czech republic
149;01/01/17;"Anti-CD45RC in GVHD, 22nd NAT Congress “""Immunotherapy in transplantation and cancer"", Juin 2017, Nantes, France";Anti-CD45RC in GVHD;01/06/17;Nantes, France
150;01/01/19;Anti-CD45RC in tolerance, Annual Meeting of the French Society for Immunology, Nov 2019, Nantes, France;Anti-CD45RC in tolerance;01/11/19;Nantes, France
151;01/01/19;Anti-CD45RC mAbs, Journée des Immunotechnologies, Sept 2019, Institut Gustave Roussy, Paris, France;Anti-CD45RC mAbs;01/09/19; Institut Gustave Roussy, Paris, France
152;01/01/17;CD8 Tregs, 18th Congress of the European Society for Organ Transplantation (ESOT), Sept 2017, Barcelona, Spain;CD8 Tregs;01/09/17;Barcelona, Spain
153;01/01/19;Anti-CD45RC in tolerance, What's up in Immunotherapies, 2019, Nantes, France;Anti-CD45RC in tolerance;;Nantes, France
154;01/01/17;“Rising stars in Immunology” symposium, 17th Annual Meeting of the Federation of Clinical Immunology Societies (FOCIS), Juin 2017, Chicago, USA;“Rising stars in Immunology” symposium;01/06/17;Chicago, USA
155;01/01/17;CD8+ Tregs in organ transplantation and GVHD, FOCIS goes South: advances in translational immunology and immunotherapies, Mai 23rd, 2017, Santiago de Chile;CD8+ Tregs in organ transplantation and GVHD. ;23/05/17;Santiago de Chile, Chile
156;01/01/17;CD8+ Tregs in transplantation and GVHD, Therapeutic Tolerance Workshop, June 27-30, 2017, Newcastle University;CD8+ Tregs in transplantation and GVHD. ;27/06/17;Newcastle University, UK
157;01/01/17;Transplantation tolerance, XXIV Latin-American and Caribbean Congress of Transplantation, September 3-6, 2017, Montevideo;Transplantation tolerance. ;03/09/17;Montevideo, Uruguay
158;01/01/18;Young Star invitation, Trends in Immunology in Horizon 2020 and Beyond, Dec 2018, Berlin, Germany;Young Star invitation;01/12/18;Berlin, Germany
159;01/01/18;IL-34, Basic Science in Transplantation Meeting 2018, Oct 2018,  Rotterdam, Pays Bas;IL-34;01/10/18;Rotterdam, Netherlands
160;01/01/18;Plenary presentation, FOCIS, Juin 2018, San Francisco, USA;plenary presentation;01/06/18;San Francisco, USA
161;01/01/18;Blastocyst culture: how to choose for transfer and cryopreservation, SWICE Biology Workshop, Avril 2018, Olten, Switzerland;Blastocyst culture: how to choose for transfer and cryopreservation;;Olten, Switzerland
162;01/01/18;Application of genome editing to the generation of genetically modified rats for biomedical research, 9th Takeda Science Foundation Symposium on PharmaSciences, February 7-8, 2018, Osaka;Application of genome editing to the generation of genetically modified rats for biomedical research;07/02/18;Osaka, Japan
163;01/01/18;CD8+ Tregs in transplantation and autoimmunity, 12th meeting of the Latin American Society for Immunology, May 14-18, 2018, Cancun, México;CD8+ Tregs in transplantation and autoimmunity. ;14/05/18;Cancun, México
164;01/01/18;Pseudo-time modelling coupled to time-lapse imaging reveals the dynamics of EPI/TE specification of human preimplantation development, The 11th Guangzhou International Conference on Stem Cell Biology and Regenerative Medicine, November 16-17, 2015, Guangzhou, China;Pseudo-time modelling coupled to time-lapse imaging reveals the dynamics of EPI/TE specification of human preimplantation development;16/11/15;Guangzhou, China
165;01/01/18;"Pseudo-time modelling coupled to time-lapse imaging reveals the dynamics of EPI/TE specification of human preimplantation development, Frontiers in Organoid Medicine; Accelerating Industry-Academic Collaboration, October 18th-19th, 2018, Cincinnati";Pseudo-time modelling coupled to time-lapse imaging reveals the dynamics of EPI/TE specification of human preimplantation development;18/10/18;Cincinnati, USA
166;01/01/19;What’s Next in NASH. Bio-Europe Spring, Vienna, Austria;What’s Next in NASH;;Vienna, Austria
167;01/01/19;Treatment of APECED with anti-CD45RC mAbs, ThymE: T cell and thymus biology, Avril 2019,  Rehovot, Israel;Treatment of APECED with anti-CD45RC mAbs;01/04/19;Rehovot, Israel
168;01/01/19;Generation of genome edited rats for the analysis of immune responses, 14th Meeting of the International Society for Transgenic Technologies, April 8-10, 2019, Kobe, Japan;Generation of genome edited rats for the analysis of immune responses. ;08/04/19;Kobe, Japan
169;01/01/19;CD8+ Tregs in transplantation, FOCIS annual meeting, June 8th, 2019, Boston;CD8+ Tregs in transplantation.;08/06/19;Boston, USA
170;01/01/19;Organ Transplantation, FOCIS in South East Asia 1st Annual Course: Advances in Immunology, Immune Monitoring, and Immunotherapy, March 26-29, 2019, Jaipur, India;Organ Transplantation ;26/03/19;Jaipur, India
171;01/01/19;50 shades of (human) pluripotency, 26th FFER meeting on reproductive biology, September 2019, Paris;50 shades of (human) pluripotency;01/09/19;Paris
172;01/01/20;Anti-CD45RC in tolerance, TLJ2.0 organized by the European Society for Organ Transplantation (ESOT), oct 2020, Prague;Anti-CD45RC in tolerance;01/10/20;Prague
173;01/01/20;CAR Tregs, NAT-Labex IGO joint meeting , May 28-29, 2020, Nantes, France (reporté);CAR Tregs. ;28/05/20;Nantes, France
174;01/01/20;CAR Tegs, Second FOCIS Goes South Advanced Course in Immunology and Immunotherapy, October 19-20th , 2020, Santiago de Chile;CAR Tegs. ;19/10/20;Santiago de Chile
175;01/01/20;Organ Transplantation, FOCIS Asian Advanced Course in Immunology and Immunotherapy, July 13-14th , 2020, Singapore;Organ Transplantation ;13/07/20;Singapore
176;01/01/20;Round table in immunotherapies, Translational Immunology. SingHealth Duke-NUS, July 15-16th, 2020, Singapore;Round table in immunotherapies;15/07/20;Singapore
177;01/01/20;Sperm quality can affect embryo quality, Fertility academe,  Global medical education conference, April 2020, Lisbonne;Sperm quality can affect embryo quality;01/04/20;Lisbonne, Portugal
178;01/01/18;24èmes Journées de la Fédération Française d’Étude de la Reproduction, Paris;;;Paris
179;01/01/20;How TLT is changing our understanding and research on embryo development? ESHRE annual meeting, July 2020, online;How TLT is changing our understanding and research on embryo development?;01/07/20;online
180;01/01/21;European Congress of Immunology (ECI), Sept 2021, Belgrade, Serbia;;01/09/21;Belgrade, Serbia
181;01/01/16;Joint European Disruptive Initiative (JEDI) meeting;?;;?
182;01/01/17;EY SMART Health;?;;?
183;01/01/18;Printemps numérique de Montréal, Montréal, Canada;?;;Montréal, Canada
