id_activity;year;name_master
1;2017;N. Vince
2;2017;S. Limou
3;2015;R. Josien
4;2016;R. Josien
5;2016;A. Moreau
6;2015;E. Chiffoleau
7;2015;E. Chiffoleau
8;2018;J. Poschmann
9;2016;D. McIlroy
10;2015;F. Halary
11;2020;J. Martin
12;2016;C. Louvet
13;2015;J. Martin
14;2015;C. Bressollette-Bodin
15;2015;N. Degauque
16;2015;N. Degauque
17;2015;S. Conchon
18;2015;R. Danger
19;2015;A. Nicot
20;2015;A. Renand
21;2015;S. Brouard
22;2017;L. Berthelot
23;2017;D. Laplaud
24;2015;D. Laplaud
25;2017;L. Berthelot
26;2015;D. Laplaud
27;2018;L. Berthelot
28;2015;G. Blancho
29;2015;F. Haspot
30;2015;S. Bruneau
31;2018;G. Blancho/ J. Branchereau
32;2015;G. Blancho
33;2015;S. Bernardet
34;2016;S. Bernardet
35;2016;F. Haspot
36;2019;F. Haspot
37;2015;G. Blancho
38;2015;G. Blancho
39;2015;G. Blancho
40;2019;S. Ville
41;2016;S. Limou
42;2017;S. Limou
43;2017;M. Giraud
44;2020;J. Jullien
45;2019;L. David
46;2015;C. Guillonneau
47;2017;C. Guillonneau
48;2019;L. David
49;2019;T. Freour
50;2015;L. David
51;2015;N. Caroff
52;2015;J. Caillon
53;2016;A. Roquilly
54;2015;N. Caroff
55;2015;J. Caillon
56;2017;A. Roquilly
57;2018;K. Asehnoune
58;2016;D. Boutoille
59;2016;C. Jacqueline
60;2017;A. Broquet
61;2016;L. Cr√©met
62;2015;M. Giraud
63;2016;T. Freour
64;2015;D. Laplaud
